metric,summary_run_count
Curriculum/command_vel/ang_vel_z_max,36
Curriculum/command_vel/ang_vel_z_min,36
Curriculum/command_vel/lin_vel_x_max,36
Curriculum/command_vel/lin_vel_x_min,36
Curriculum/command_vel/lin_vel_y_max,36
Curriculum/command_vel/lin_vel_y_min,36
Curriculum/fell_over_limit_angle/limit_angle,8
Curriculum/terrain_levels/boxes,5
Curriculum/terrain_levels/discrete_obstacles,63
Curriculum/terrain_levels/flat,65
Curriculum/terrain_levels/hf_pyramid_slope,68
Curriculum/terrain_levels/hf_pyramid_slope_inv,11
Curriculum/terrain_levels/max,70
Curriculum/terrain_levels/mean,70
Curriculum/terrain_levels/pyramid_stair,63
Curriculum/terrain_levels/pyramid_stair_inv,63
Curriculum/terrain_levels/random_rough,68
Curriculum/terrain_levels/random_spread,5
Curriculum/terrain_levels/random_stairs,5
Curriculum/terrain_levels/stepping_stones,9
Curriculum/terrain_levels/tilted_grid,5
Episode_Metrics/mean_action_acc,75
Episode_Reward/action_rate,75
Episode_Reward/alive,74
Episode_Reward/base_ang_vel_xy,12
Episode_Reward/base_height,75
Episode_Reward/corridor_along_lag,1
Episode_Reward/corridor_cross_track,1
Episode_Reward/corridor_heading,1
Episode_Reward/corridor_lateral_return,1
Episode_Reward/flat_orientation,75
Episode_Reward/heading_progress,7
Episode_Reward/illegal_ground_contact,75
Episode_Reward/joint_acc,75
Episode_Reward/joint_power,75
Episode_Reward/leg_action_smoothness,1
Episode_Reward/leg_joint_pos_limits,75
Episode_Reward/leg_joint_torque,5
Episode_Reward/leg_joint_vel,75
Episode_Reward/non_rough_flat_orientation,5
Episode_Reward/non_rough_wheel_lateral_symmetry,25
Episode_Reward/non_rough_wheel_x_alignment,25
Episode_Reward/pose,75
Episode_Reward/rough_ang_vel_xy_l2,2
Episode_Reward/rough_contact_pattern,43
Episode_Reward/rough_foot_clearance,12
Episode_Reward/rough_lin_vel_z_l2,2
Episode_Reward/rough_wheel_foot_clearance,37
Episode_Reward/rough_wheel_foot_landing_vel,1
Episode_Reward/rough_wheel_foot_regulation,1
Episode_Reward/rough_wheel_usage,49
Episode_Reward/self_collisions,75
Episode_Reward/soft_landing,75
Episode_Reward/stand_still,75
Episode_Reward/standing_forward_wheel_air_time,11
Episode_Reward/track_angular_velocity,75
Episode_Reward/track_heading,12
Episode_Reward/track_linear_velocity,75
Episode_Reward/track_world_course_heading,1
Episode_Reward/track_world_velocity_direction,1
Episode_Reward/upright,75
Episode_Reward/velocity_error_smoothness,1
Episode_Reward/wheel_air_time_balance,17
Episode_Reward/wheel_distance,75
Episode_Reward/wheel_joint_vel,75
Episode_Reward/wheel_lateral_symmetry,6
Episode_Reward/wheel_x_alignment,6
Episode_Reward/world_course_lateral_deviation,1
Episode_Termination/corridor_deviation,1
Episode_Termination/fell_over,75
Episode_Termination/illegal_contact,75
Episode_Termination/non_finite_physics,64
Episode_Termination/out_of_terrain_bounds,70
Episode_Termination/time_out,75
Episode_Termination/velocity_direction_deviation,15
Episode_Termination/world_command_tracking_failure,5
Episode_Termination/world_course_deviation,1
Grad/dynamics_total_norm,5
Grad/ppo_joint_clip_fraction,5
Grad/ppo_joint_total_norm,5
Grad/ppo_total_norm,5
Grad/predictor_clip_fraction,5
Grad/predictor_total_norm,5
Grad/privileged_encoder_dynamics_norm,5
Grad/privileged_encoder_dynamics_to_ppo_ratio,5
Grad/privileged_encoder_ppo_dynamics_cosine,5
Grad/privileged_encoder_ppo_norm,5
Loss/Learning/ppo_lr,5
Loss/Learning/predictor_lr,5
Loss/depth_ae_buffer_size,1
Loss/depth_ae_reconstruction,1
Loss/entropy,75
Loss/latent_direct_rollout_cosine_k5,5
Loss/latent_direct_rollout_mse_k5,5
Loss/latent_direct_rollout_velocity_loss_k5,5
Loss/latent_dynamics_loss,5
Loss/latent_dynamics_loss_k1,5
Loss/latent_dynamics_loss_k10,5
Loss/latent_dynamics_loss_k5,5
Loss/latent_dynamics_representation_loss,5
Loss/latent_dynamics_representation_loss_k1,5
Loss/latent_dynamics_representation_loss_k10,5
Loss/latent_dynamics_representation_loss_k5,5
Loss/latent_dynamics_valid_fraction,5
Loss/latent_dynamics_valid_fraction_k1,5
Loss/latent_dynamics_valid_fraction_k10,5
Loss/latent_dynamics_valid_fraction_k5,5
Loss/latent_dynamics_velocity_loss,5
Loss/latent_dynamics_velocity_loss_k1,5
Loss/latent_dynamics_velocity_loss_k10,5
Loss/latent_dynamics_velocity_loss_k5,5
Loss/latent_identity_loss,5
Loss/latent_identity_loss_k1,5
Loss/latent_identity_loss_k10,5
Loss/latent_identity_loss_k5,5
Loss/latent_prediction_cosine_similarity,5
Loss/latent_prediction_cosine_similarity_k1,5
Loss/latent_prediction_cosine_similarity_k10,5
Loss/latent_prediction_cosine_similarity_k5,5
Loss/latent_prediction_identity_ratio,5
Loss/latent_prediction_identity_ratio_k1,5
Loss/latent_prediction_identity_ratio_k10,5
Loss/latent_prediction_identity_ratio_k5,5
Loss/latent_reversed_action_loss_k10,5
Loss/latent_reversed_action_loss_k5,5
Loss/latent_reversed_action_ratio_k10,5
Loss/latent_reversed_action_ratio_k5,5
Loss/latent_rollout_cosine_similarity_k1,5
Loss/latent_rollout_cosine_similarity_k2,5
Loss/latent_rollout_cosine_similarity_k3,5
Loss/latent_rollout_cosine_similarity_k4,5
Loss/latent_rollout_cosine_similarity_k5,5
Loss/latent_rollout_identity_ratio_k1,5
Loss/latent_rollout_identity_ratio_k2,5
Loss/latent_rollout_identity_ratio_k3,5
Loss/latent_rollout_identity_ratio_k4,5
Loss/latent_rollout_identity_ratio_k5,5
Loss/latent_rollout_loss,5
Loss/latent_rollout_loss_k1,5
Loss/latent_rollout_loss_k2,5
Loss/latent_rollout_loss_k3,5
Loss/latent_rollout_loss_k4,5
Loss/latent_rollout_loss_k5,5
Loss/latent_rollout_representation_loss,5
Loss/latent_rollout_representation_loss_k1,5
Loss/latent_rollout_representation_loss_k2,5
Loss/latent_rollout_representation_loss_k3,5
Loss/latent_rollout_representation_loss_k4,5
Loss/latent_rollout_representation_loss_k5,5
Loss/latent_rollout_shuffled_action_loss_k1,5
Loss/latent_rollout_shuffled_action_loss_k2,5
Loss/latent_rollout_shuffled_action_loss_k3,5
Loss/latent_rollout_shuffled_action_loss_k4,5
Loss/latent_rollout_shuffled_action_loss_k5,5
Loss/latent_rollout_shuffled_action_ratio_k1,5
Loss/latent_rollout_shuffled_action_ratio_k2,5
Loss/latent_rollout_shuffled_action_ratio_k3,5
Loss/latent_rollout_shuffled_action_ratio_k4,5
Loss/latent_rollout_shuffled_action_ratio_k5,5
Loss/latent_rollout_valid_fraction,5
Loss/latent_rollout_velocity_loss,5
Loss/latent_rollout_velocity_loss_k1,5
Loss/latent_rollout_velocity_loss_k2,5
Loss/latent_rollout_velocity_loss_k3,5
Loss/latent_rollout_velocity_loss_k4,5
Loss/latent_rollout_velocity_loss_k5,5
Loss/latent_shuffled_action_loss,5
Loss/latent_shuffled_action_loss_k1,5
Loss/latent_shuffled_action_loss_k10,5
Loss/latent_shuffled_action_loss_k5,5
Loss/latent_shuffled_action_ratio,5
Loss/latent_shuffled_action_ratio_k1,5
Loss/latent_shuffled_action_ratio_k10,5
Loss/latent_shuffled_action_ratio_k5,5
Loss/learning_rate,75
Loss/lin_vel,7
Loss/representation,18
Loss/roughness,5
Loss/student,7
Loss/surrogate,75
Loss/value,75
Metrics/corridor_bad_window_frac,1
Metrics/corridor_cross_track_abs_mean,1
Metrics/corridor_excess_frac,1
Metrics/corridor_heading_error_deg_mean,1
Metrics/corridor_lag_mean,1
Metrics/corridor_termination_active,1
Metrics/corridor_termination_bad_frac,1
Metrics/landing_force_mean,75
Metrics/non_rough_forward_wheel_air_time_mean,11
Metrics/rough_air_wheel_speed_sq_mean,1
Metrics/rough_clearance_target_mean,12
Metrics/rough_contact_wheel_speed_sq_mean,1
Metrics/rough_double_contact_mean,26
Metrics/rough_no_contact_mean,26
Metrics/rough_single_contact_mean,26
Metrics/rough_wheel_foot_about_landing_mean,1
Metrics/rough_wheel_foot_clearance_mean,37
Metrics/rough_wheel_foot_clearance_target_mean,37
Metrics/roughness_curvature_over_R_mean,11
Metrics/roughness_gate_threshold,11
Metrics/roughness_gate_threshold_schedule_progress,11
Metrics/roughness_jump_over_R_mean,49
Metrics/roughness_lambda_mean,49
Metrics/roughness_left_mean,22
Metrics/roughness_max_mean,49
Metrics/roughness_mean,27
Metrics/roughness_range_over_R_mean,38
Metrics/roughness_right_mean,22
Metrics/roughness_std_over_R_mean,38
Metrics/standing_forward_wheel_air_time_mean,11
Metrics/standing_wheel_air_time_mean,11
Metrics/twist/error_vel_xy,75
Metrics/twist/error_vel_yaw,75
Metrics/velocity_direction_deviation_active,15
Metrics/velocity_direction_deviation_angle_mean,15
Metrics/velocity_direction_deviation_bad_frac,15
Metrics/velocity_error_delta_mean,1
Metrics/wheel_air_time_balance_cost_mean,17
Metrics/wheel_air_time_diff_mean,5
Metrics/wheel_episode_air_time_diff_mean,12
Metrics/wheel_episode_air_time_imbalance_ratio_mean,12
Metrics/wheel_episode_air_time_left_mean,12
Metrics/wheel_episode_air_time_right_mean,12
Metrics/world_command_tracking_active,5
Metrics/world_command_tracking_airborne_frac,5
Metrics/world_command_tracking_direction_angle_mean,5
Metrics/world_command_tracking_direction_bad_frac,5
Metrics/world_command_tracking_heading_bad_frac,5
Metrics/world_command_tracking_heading_error_deg_mean,5
Metrics/world_command_tracking_progress_bad_frac,5
Metrics/world_command_tracking_progress_deficit_mean,5
Metrics/world_course_deviation_active,1
Metrics/world_course_deviation_angle_mean,1
Metrics/world_course_deviation_bad_frac,1
Metrics/world_course_heading_active_frac,1
Metrics/world_course_heading_error_mean,1
Metrics/world_course_lateral_deviation_mean,1
Metrics/world_velocity_direction_active_frac,1
Metrics/world_velocity_direction_angle_mean,1
Perf/collection_time,75
Perf/learning_time,75
Perf/total_fps,75
Policy/mean_std,75
Train/mean_episode_length,75
Train/mean_reward,75
Update/joint_step_fraction,5
Update/policy_kl_joint,5
Update/policy_kl_ppo_only,5
Update/privileged_encoder_norm_joint,5
Update/privileged_encoder_norm_ppo_only,5
_runtime,76
_step,75
_timestamp,75
_wandb,76
video,1
